{
  "Resources": {
    "food": 14592.716475752168,
    "coinage": 0,
    "timber": 513.9289889999999,
    "iron": 0,
    "manpower": 841.4715706561292
  },
  "Society": {
    "population": 1980.0,
    "morale": 0.96,
    "inequality": 0.13999999999999999,
    "religious_influence": 1.0,
    "urbanization": 0.1,
    "education": 0.05
  },
  "Economy": {
    "tax_rate": 0,
    "rents_rate": 0,
    "tithe_rate": 0.039999999999999994,
    "trade_intensity": 0.16,
    "price_level": 1.0,
    "productivity": 0.5700000000000001
  },
  "State": {
    "laws": [
      "Tribal customs",
      "Restitution for harm"
    ],
    "legitimacy": 0.7,
    "stability": 0.65,
    "borders_threat": 0.1,
    "corruption": 0.05
  },
  "Infrastructure": {
    "roads_quality": 0.05,
    "granaries_capacity": 5000,
    "fortifications": 0.1,
    "market_access": 0.24999999999999997
  },
  "Environment": {
    "harvest_quality": 0.79,
    "plague_pressure": 0.08000000000000002,
    "winter_severity": 0.5,
    "disaster_risk": 0.19000000000000003
  }
}