{
  "Resources": {
    "food": 25692.031312647414,
    "coinage": 0,
    "timber": 4076.8854585358495,
    "iron": 0,
    "manpower": 2622.4575870828658
  },
  "Society": {
    "population": 4950.0,
    "morale": 1.0,
    "inequality": 0.07999999999999999,
    "religious_influence": 1.0,
    "urbanization": 0.1,
    "education": 0.05
  },
  "Economy": {
    "tax_rate": 0,
    "rents_rate": 0.16000000000000003,
    "tithe_rate": 0.35,
    "trade_intensity": 0.1,
    "price_level": 1.0,
    "productivity": 0.57
  },
  "State": {
    "laws": [
      "Tribal customs",
      "Community elders' decisions"
    ],
    "legitimacy": 0.6,
    "stability": 0.5900000000000001,
    "borders_threat": 0.009999999999999967,
    "corruption": 0.05
  },
  "Infrastructure": {
    "roads_quality": 0.1,
    "granaries_capacity": 2000,
    "fortifications": 0.30000000000000004,
    "market_access": 0.2
  },
  "Environment": {
    "harvest_quality": 1.0,
    "plague_pressure": 0.2,
    "winter_severity": 0.7,
    "disaster_risk": 0.16999999999999998
  }
}