{
  "Resources": {
    "food": 15000.460000000003,
    "coinage": 800.01,
    "manpower": 7999.985,
    "timber": 4999.96
  },
  "Society": {
    "population": 40000,
    "morale": 0.9900000000000003,
    "inequality": 0.6699999999999999,
    "religious_influence": 1.0,
    "urbanization": 0.25
  },
  "Economy": {
    "tax_rate": 0.1,
    "trade_intensity": 0.6999999999999998
  },
  "State": {
    "stability": 0.69,
    "legitimacy": 0.9100000000000001,
    "laws": [
      "Inheritance Laws",
      "Land Tenure",
      "Fealty Oaths"
    ]
  },
  "Environment": {
    "harvest_quality": 0.7999999999999999,
    "plague_pressure": 0.2,
    "winter_severity": 0.7
  },
  "Infrastructure": {
    "roads_quality": 0.32999999999999996
  }
}