{
  "Resources": {
    "food": 15000.310000000001,
    "coinage": 799.97,
    "manpower": 7999.99,
    "timber": 4999.96
  },
  "Society": {
    "population": 40000,
    "morale": 0.8300000000000002,
    "inequality": 0.6699999999999999,
    "religious_influence": 1.0,
    "urbanization": 0.25
  },
  "Economy": {
    "tax_rate": 0.11,
    "trade_intensity": 0.5199999999999999
  },
  "State": {
    "stability": 0.6699999999999999,
    "legitimacy": 0.8400000000000001,
    "laws": [
      "Inheritance Laws",
      "Land Tenure",
      "Fealty Oaths"
    ]
  },
  "Environment": {
    "harvest_quality": 0.7799999999999999,
    "plague_pressure": 0.2,
    "winter_severity": 0.7
  },
  "Infrastructure": {
    "roads_quality": 0.3
  }
}